,Amazon High,Msft High,Apple High
Amazon High,1.0,0.5200024530996467,0.025950145161371233
Msft High,0.5200024530996467,1.0,0.05595890515520219
Apple High,0.025950145161371233,0.05595890515520219,1.0
