,Amazon High,Msft High,Apple High
Amazon High,1.0,0.39154284531010414,0.8527765691037578
Msft High,0.39154284531010414,1.0,0.5205190500609528
Apple High,0.8527765691037578,0.5205190500609528,1.0
