,Amazon High,Msft High,Apple High
Amazon High,1.0,0.5340215211190847,0.9703378769004142
Msft High,0.5340215211190847,1.0,0.5225588487732418
Apple High,0.9703378769004142,0.5225588487732418,1.0
