,Amazon High,Msft High,Apple High
Amazon High,1.0,0.5429335426262981,0.9343830582445094
Msft High,0.5429335426262981,1.0,0.5688361916564635
Apple High,0.9343830582445094,0.5688361916564635,1.0
