,Amazon High,Msft High,Apple High
Amazon High,1.0,0.712480824330069,-0.2719553120150467
Msft High,0.712480824330069,1.0,-0.557581546760516
Apple High,-0.2719553120150467,-0.557581546760516,1.0
