,Amazon High,Msft High,Apple High
Amazon High,1.0,0.9213247850602926,0.4496823571014229
Msft High,0.9213247850602926,1.0,0.5761859883107174
Apple High,0.4496823571014229,0.5761859883107174,1.0
