,Amazon High,Msft High,Apple High
Amazon High,1.0,0.9571880951437007,0.6928079221065362
Msft High,0.9571880951437007,1.0,0.7890905063488008
Apple High,0.6928079221065362,0.7890905063488008,1.0
