,Amazon High,Msft High,Apple High
Amazon High,1.0,-0.07216401762665978,0.042714605880584976
Msft High,-0.07216401762665978,1.0,-0.3743859168770099
Apple High,0.042714605880584976,-0.3743859168770099,1.0
